churn_status,customer_count,avg_spent,total_spent,avg_days_silent
High Value Churned,97,26516.764226804124,2572126.13,674.2268041237113
At Risk,119,6836.231176470588,813511.51,726.1260504201681
Slipping Away,110,3689.8241818181814,405880.66,864.0909090909091
